<?xml version="1.0" encoding="UTF-8"?>
<thing:thing-descriptions bindingId="cbus"
    xmlns:xsi="http://www.w3.org/2001/XMLSchema-instance"
    xmlns:thing="http://eclipse.org/smarthome/schemas/thing-description/v1.0.0"
    xsi:schemaLocation="http://eclipse.org/smarthome/schemas/thing-description/v1.0.0 org.eclipse.smarthome.thing-description.xsd">

    <bridge-type id="cgate">
        <label>CGate Connection</label>
        <description>CGate Connection to connect to physical C-Bus Networks</description>

        <config-description>
            <parameter name="ipAddress" type="text" required="true">
                <context>network-address</context>
                <label>CGate Server IP</label>
                <description>The IP address of the CGate Server</description>
            </parameter>
        </config-description>

    </bridge-type>
    
    <bridge-type id="network">
        <label>C-Bus Network</label>
        <description>C-Bus Network bridge</description>

        <config-description>
            <parameter name="id" type="integer" required="true">
                <label>C-Bus Network ID</label>
                <description>Network number of C-Bus Network</description>
            </parameter>

            <parameter name="project" type="text" required="true">    
                <label>C-Bus Project Name</label>
                <description>Project name that contains the network</description>
            </parameter>

            <parameter name="syncInterval" type="integer" required="false" min="120">
                <label>Network Sync Interval</label>
                <description>The sync interval in seconds used to get group states from the network</description>
                <default>600</default>
            </parameter>
        </config-description>
    </bridge-type>

</thing:thing-descriptions>